,A,B,C,D
2016-04-01,-0.311783434559,0.823198649939,-0.214585817705,1.18142149415
2016-04-02,-0.662344267633,1.10663726731,0.399699815823,1.56287827274
2016-04-03,-1.33882803245,0.340744795925,0.256684465714,2.28551761862
2016-04-04,-1.82871756396,-2.8517576051,1.21875582236,2.51841147497
2016-04-05,-1.24696144062,-2.69419515457,1.32813639725,1.10243291116
2016-04-06,-0.540661779457,-3.20165406848,1.63244057644,1.10126435297
2016-04-07,-2.62420297229,-2.1007964825,3.93802154148,0.615338971818
2016-04-08,-2.3199784682,-1.3738870444,2.95546097415,1.77063855116
2016-04-09,-2.2849710214,-0.657419375579,3.74525346295,2.22339300727
2016-04-10,-0.743416091941,-1.06851724208,3.09972911348,3.73007748595
2016-04-11,-0.15929324276,-1.3236879005,5.85294482282,4.81944993602
2016-04-12,-0.367898266748,-1.81338840216,6.19741425743,6.01563395991
2016-04-13,0.0926978191912,-1.53252684159,7.71252099984,7.19462918549
2016-04-14,-0.848354355637,-1.38592628241,6.48416258436,8.50925061141
2016-04-15,-2.06619905022,-1.98331121944,6.06356880471,9.07484623344
2016-04-16,-1.18903321337,-1.9435002073,6.9605191212,10.6319006418
2016-04-17,-1.4689070006,-2.3898365657,7.76958106884,12.6041914486
2016-04-18,-0.632587645751,-3.63646966746,7.58194014398,12.3309722859
2016-04-19,-0.0154255884249,-1.69619672344,7.40383608835,11.88954184
2016-04-20,0.323813423587,-3.33613452103,7.24402312289,12.7113433033
2016-04-21,1.76952309079,-3.47474949893,6.93121885548,12.5929657161
2016-04-22,1.72365896124,-1.84455466467,6.79771118921,13.7738794941
2016-04-23,1.55727127832,-3.36909089812,6.99311276065,12.2187448507
2016-04-24,3.18632826013,-3.9770115071,8.08828130716,11.6926854344
2016-04-25,2.97206519481,-4.65602274555,9.2828441164,8.72885727999
2016-04-26,2.62151236808,-4.71124113456,9.80922084537,6.30665715989
2016-04-27,0.814331411252,-6.21948194364,7.75767303642,6.3932330687
2016-04-28,1.54608515116,-6.42395269317,7.56007780206,7.26133099027
2016-04-29,2.09570003855,-6.39765998684,7.53024152109,9.44309548845
2016-04-30,2.90593317008,-4.27651504407,5.17470801077,8.21054031874
2016-05-01,2.91287456255,-3.04398641367,7.62907410329,6.7757572921
2016-05-02,2.64196633064,-2.03212956569,7.53262410755,7.93878704308
2016-05-03,1.21555296618,-2.17110653114,8.14592167052,7.73428924932
2016-05-04,3.55463198209,-2.39148045011,7.95719457764,8.27224351192
2016-05-05,2.3247850579,-3.07756334932,8.86615749365,7.57391931739
2016-05-06,3.33498516567,-4.04209388713,9.32304425879,7.19753678231
2016-05-07,1.95838968265,-3.3603661544,9.92118749356,7.48036126678
2016-05-08,2.33585489001,-0.630951972962,11.2333977102,7.22602762894
2016-05-09,1.40991914827,-0.679484107715,12.5531415782,8.01481837116
2016-05-10,-0.322525899463,-2.03465236836,12.1489711538,7.2656038633
2016-05-11,0.208266078445,-1.96935230135,11.8517740558,6.79864044878
2016-05-12,-1.26303452614,-1.94531373919,11.4347191934,6.04658528957
2016-05-13,-0.489704295118,-3.44800690588,12.3179799055,7.43732696761
2016-05-14,1.31567004064,-1.86224768253,10.9489079896,6.93436359985
2016-05-15,1.20084393383,-1.3970828919,10.1253073719,6.40951767797
2016-05-16,1.32063425814,-1.35242652044,10.1129586335,7.4753564707
2016-05-17,2.62631280028,-2.17790745492,10.8430085357,9.20155443903
2016-05-18,1.99966475973,-1.02355755368,10.6905347509,9.98428661396
2016-05-19,1.0163405202,-1.84060475843,10.3683789492,9.29495546446
2016-05-20,1.94761219652,-1.80570783954,10.1193987823,9.82511594742
2016-05-21,1.98261607756,-1.26640504131,9.74031572846,9.84563800629
2016-05-22,2.99325088261,-1.21409417926,9.5203660745,10.8666235558
2016-05-23,3.16305365605,-0.598857933138,11.2306692107,11.2151592247
2016-05-24,2.7156126876,0.856794312152,10.9772943491,10.3258384655
2016-05-25,2.23355231425,1.87603184893,12.7016504038,10.4167499128
2016-05-26,1.8828563168,0.50984631915,12.1647154533,10.6898292936
2016-05-27,1.94085912773,1.00098613755,14.1502063942,12.3736404903
2016-05-28,1.0379287272,1.91640939147,13.1299760248,13.9709751572
2016-05-29,1.74182521304,2.80614967194,11.1400801547,13.4965819672
2016-05-30,1.46426834355,3.63716987588,10.8607781755,13.4945599612
2016-05-31,1.09597780516,2.68884876668,10.6689363428,13.8469142398
2016-06-01,1.07898869995,4.18618290779,12.409695567,14.8384415154
2016-06-02,0.840127435356,4.68985629194,11.7135654588,16.508356215
2016-06-03,0.0948983789791,4.54390280226,11.1556911273,16.6512429177
2016-06-04,0.831386622839,4.45592980496,10.9385854877,18.2797317534
2016-06-05,-0.378882973278,4.82506687931,11.5361928407,19.7968482107
2016-06-06,-2.01182328331,4.45201179048,11.5132608056,20.5009879017
2016-06-07,-2.27152678827,4.0486121424,9.80664350229,21.1441927279
2016-06-08,-1.59164531137,4.10322614823,9.02535020454,21.5580811372
2016-06-09,-0.732959568989,5.84638124781,9.72814738243,22.4080505331
2016-06-10,-1.19646269629,7.18046464631,7.68192181087,19.7355720164
2016-06-11,-2.44539448142,8.24432955555,6.83853748699,20.3187533921
2016-06-12,-0.616072700242,9.65728898317,7.89824960519,19.1077216806
2016-06-13,-1.79718221978,10.2402260862,6.91741256426,18.4469984796
2016-06-14,-3.62105507585,9.6836596431,7.12549922795,18.1697051189
2016-06-15,-2.9075927622,8.8862265688,7.05815534506,19.8514231114
2016-06-16,-2.36459317977,9.71609989648,6.19398673211,20.508899721
2016-06-17,-0.897785272228,9.51686833468,5.5952219447,22.6334344275
2016-06-18,0.547887851017,9.44276144891,5.3381669169,21.1723012618
2016-06-19,0.92808681846,9.06167255279,3.80114775008,21.9138280851
2016-06-20,-0.128628136701,7.82877585416,4.85285846309,22.5575837659
2016-06-21,0.759274725178,8.59016096718,5.84241956818,23.1189768874
2016-06-22,1.1960702909,8.43769105096,4.83936925352,24.2703066679
2016-06-23,1.98321419789,9.91118714724,4.6566776786,23.5543658903
2016-06-24,-0.214531117604,9.58826833894,5.89945566151,25.1839513852
2016-06-25,0.939305471469,9.04821192489,7.16902204348,26.3696375293
2016-06-26,1.28816873502,9.24913182998,8.55609009332,25.8288209946
2016-06-27,1.59032701162,8.66298240548,8.17342050592,27.4882632772
2016-06-28,2.01396654207,10.5979771648,8.47298073309,27.5068802597
2016-06-29,0.551769900526,10.0142056966,9.29007874306,29.6135605158
2016-06-30,0.111307194061,11.1515787432,9.44808432651,28.6811665846
2016-07-01,1.40975192006,12.0709989468,10.1977986978,28.2397225689
2016-07-02,1.83468246375,12.708758487,9.94422411408,26.816363406
2016-07-03,3.00965967835,14.9165074935,9.089224363,25.9092391867
2016-07-04,2.32180470251,15.5011855752,8.9986565102,26.6504181275
2016-07-05,1.13551240317,14.9988312024,9.09003895289,25.9908778154
2016-07-06,2.75654699158,14.2436147097,7.44148448498,26.3705359402
2016-07-07,0.818429903597,16.0132371614,7.24861024899,26.4033114953
2016-07-08,-0.573297089183,16.0421237223,6.15935241186,26.9238203065
2016-07-09,-0.122924358349,16.4341390006,5.66434098279,27.3338536255
2016-07-10,-0.339881233457,17.0273739165,6.05978236207,26.8019034663
2016-07-11,-0.47992128988,16.7240829001,7.51520130354,26.8577724277
2016-07-12,0.224506292067,16.5507304812,6.7443256955,27.0330056224
2016-07-13,-1.46179045064,16.770164551,6.27207786876,28.1651999583
2016-07-14,-1.06866884602,17.2902088551,5.04463443751,27.5953637298
2016-07-15,-0.241917145108,18.2702248781,3.36901873558,27.4008683504
2016-07-16,0.0717865482797,18.2974289503,4.1044289098,27.5976259097
2016-07-17,0.00928012584346,18.8040550293,4.386069445,27.8536631163
2016-07-18,1.34749363803,18.5704234787,3.14050898235,28.6465361803
2016-07-19,-0.270162874982,18.9454875496,3.06002294548,28.3356794684
2016-07-20,-2.21735119693,17.3321197464,3.25976667978,27.9011871451
2016-07-21,-0.834947045183,18.2220582806,4.23317186913,27.0016079422
2016-07-22,-1.34333414556,19.6928635233,4.91945237792,27.3754125428
2016-07-23,-0.336449942953,18.3105195663,3.74366889248,25.7803161434
2016-07-24,0.0477343738655,19.0041562282,1.82792912122,26.0400100426
2016-07-25,0.971970489451,18.4578403454,2.94245786804,25.4270965471
2016-07-26,1.26884328709,19.2565916537,3.34274207248,23.6853675551
2016-07-27,1.8527965724,19.8811001164,2.04691953447,24.0894003538
2016-07-28,0.696422530804,18.0969911178,1.93979530105,24.2116286054
2016-07-29,2.95750516967,17.3779222689,2.33981433888,24.4037186505
2016-07-30,0.801053471943,15.9560852055,3.70402559758,23.7908867347
2016-07-31,1.61879650147,16.6376345868,4.05395074745,23.9311109786
2016-08-01,2.6870216421,16.5069678351,3.82467781366,25.3751248544
2016-08-02,3.38575297184,18.6420608847,3.27100935668,28.2898986664
2016-08-03,1.57059116964,18.0968954731,3.91627156917,27.1396845112
2016-08-04,3.38213678046,16.1388427968,4.14708843909,26.5534616751
2016-08-05,4.36548264114,17.6289782652,4.18270214449,27.2042551084
2016-08-06,6.05407993118,17.3911234856,3.82385875876,26.6702127256
2016-08-07,5.63636592284,16.0207946718,3.59240405776,27.0660732756
2016-08-08,7.11505481337,15.6519800461,2.35059561816,27.3844992036
2016-08-09,6.78433184596,15.5285436413,2.93974170153,26.761007595
2016-08-10,6.02443630853,15.7547629392,2.87871592662,27.3602860001
2016-08-11,4.9790691146,14.6290363656,1.19615136505,26.1480962346
2016-08-12,5.3207274495,16.0740655007,1.76705401548,24.5022295352
2016-08-13,6.55043497399,15.6817186701,2.1022497697,22.2475745435
2016-08-14,6.55564742206,15.3684760475,1.070060753,22.2207723112
2016-08-15,6.10977133957,17.1090497805,2.71996764114,22.7115306489
2016-08-16,6.19006011862,17.0562404257,1.53287967521,23.6243044843
2016-08-17,5.07788163579,16.8798910021,0.936312384171,20.8943760663
2016-08-18,4.5066037629,17.6424086786,0.932562574007,20.5090205834
2016-08-19,5.80193664065,17.4177625579,0.540825099888,21.8373447047
2016-08-20,5.0399133715,16.6143616785,-0.20144674489,21.1493647302
2016-08-21,5.86641254598,16.082838477,-2.15793046528,21.7608074213
2016-08-22,5.11655796986,15.8814634056,-2.44469527299,21.0597591114
2016-08-23,5.38125648868,15.177730535,-0.731335402235,19.84049745
2016-08-24,4.2754691954,14.8100853398,-0.568255425019,19.8411930579
2016-08-25,5.56957116762,14.3655197425,1.24551002056,21.2947787273
2016-08-26,5.51792465385,14.1155488045,1.54840106214,20.1886042984
2016-08-27,6.01905911768,14.997240316,3.00076591911,19.5885486689
2016-08-28,5.36129821949,15.9392361155,3.25483999257,19.9241535709
2016-08-29,6.43413786512,17.5212352092,4.06515135416,19.2262852171
2016-08-30,8.74329926781,15.2071471236,3.57571429178,18.9985086026
2016-08-31,9.00898352465,14.4965365587,3.06831876762,18.947719775
2016-09-01,9.61227734684,12.5110579544,1.79110801405,17.9638324678
2016-09-02,8.381857298,11.7199768944,0.413369730757,17.2644848576
2016-09-03,6.86349555612,11.9443053412,0.613100731286,16.20260539
2016-09-04,6.99641444847,11.7492494877,1.36504115926,15.6143824725
2016-09-05,6.11857871121,12.5413164888,2.10994681214,14.2134105386
2016-09-06,6.61591655693,12.5422516314,1.58666663761,13.9301615488
2016-09-07,5.95679951927,11.5339737666,2.6248344697,12.8770268808
2016-09-08,6.34213789448,11.5995544424,2.20075242643,13.0382733851
2016-09-09,6.10708781207,11.366367125,3.13666201888,12.6941726648
2016-09-10,5.51505590976,12.3592539189,3.80842831965,12.0099582511
2016-09-11,4.62640390939,12.2702981703,3.9652975584,11.900684993
2016-09-12,4.66493910985,11.4475683594,3.33844292885,13.3749668457
2016-09-13,4.74237723167,10.5922473427,3.55499827259,14.3886423043
2016-09-14,5.50606221527,11.617248121,2.1974896897,13.5392370867
2016-09-15,7.73134400586,11.9746615265,1.49958576487,11.9478545738
2016-09-16,8.3719801589,12.1016645873,1.98989785964,13.9071373922
2016-09-17,9.65622845505,11.9463167512,2.22529199682,12.6288339165
2016-09-18,9.0270995469,13.9001987347,1.32749455175,12.6279482766
2016-09-19,7.61162597509,14.3104241806,1.37525770487,11.6759163834
2016-09-20,7.11253906404,15.3432859602,1.03954326509,12.372907287
2016-09-21,7.22203694225,14.4260018027,1.45288898047,12.8909964644
2016-09-22,8.21975861303,14.0414519457,-0.125809671938,11.7771130757
2016-09-23,9.37275866493,15.2876312512,-0.112308796168,12.5289210775
2016-09-24,8.86150077964,15.6319413212,-2.37466862468,12.5955050734
2016-09-25,9.15599108439,16.431335766,-3.15746524204,12.5019117581
2016-09-26,8.45420690872,16.6645532686,-4.12653026239,13.2676401711
2016-09-27,9.5586558209,18.8340107315,-4.36004974216,13.3371188636
2016-09-28,10.0282502436,19.7539217095,-5.36158479383,12.7288537115
2016-09-29,10.3921469589,19.3338646499,-6.14720266659,12.0438233453
2016-09-30,11.3606650019,19.005418798,-6.63296568801,12.1098634806
2016-10-01,10.0018249653,20.9227303697,-7.25844151032,14.264792122
2016-10-02,8.83449575013,20.6576870702,-7.93977985484,11.9743786779
2016-10-03,6.48764740605,20.7762831692,-8.35968428432,12.4429813494
2016-10-04,6.77918490415,22.8811729384,-7.46745969544,12.0812534447
2016-10-05,6.42404555051,21.3050464901,-7.70328285522,12.7654836635
2016-10-06,6.99222263093,21.5618930313,-7.22118026894,12.7507291063
2016-10-07,6.87672833711,21.5562532826,-7.3820110613,13.4015340446
2016-10-08,6.68039422835,22.5441701376,-5.46897894804,13.0748734259
2016-10-09,7.45973758417,22.3033469035,-5.40269926429,13.1289289621
2016-10-10,5.42934663865,21.9171970593,-4.57563897807,12.64535607
2016-10-11,7.62996704634,22.5519927024,-4.67938119922,14.0763399299
2016-10-12,5.25970746456,22.929544653,-4.79403625826,14.538644087
2016-10-13,6.09169521528,21.8966415241,-5.24613435246,12.709800186
2016-10-14,5.32096235078,22.261045704,-7.69503600783,12.5719884506
2016-10-15,4.57800779149,21.1333728306,-7.66296994966,12.0228644098
2016-10-16,6.71541286722,21.9322501643,-10.1928636756,12.326441727
2016-10-17,6.27888775247,23.2777936287,-11.707483811,10.9014165143
2016-10-18,6.07078073442,21.0874071073,-10.3095537509,11.7852356682
2016-10-19,7.7845702265,21.4791637336,-9.93558762722,10.0995987524
2016-10-20,8.46778359562,20.2020719259,-9.87254563103,9.41036083252
2016-10-21,7.84806404193,18.399600095,-9.35860828453,9.62362368333
2016-10-22,9.33003213464,18.4851222901,-11.4102250836,10.482803591
2016-10-23,10.6526423722,19.9331908429,-11.6603450499,9.83871697822
2016-10-24,10.9188568354,18.3460178746,-11.2582153133,8.75945150696
2016-10-25,11.4619795817,16.8017209757,-10.7570788741,9.405485965
2016-10-26,11.108696264,17.3826401876,-11.0884151605,8.6901509449
2016-10-27,10.956026405,17.5419274967,-10.7610410246,6.73304453835
2016-10-28,10.7592443734,18.0700244338,-10.6799554838,6.45111376786
2016-10-29,10.9920372291,20.3288219359,-10.3643207309,7.03952173638
2016-10-30,11.7395179697,19.743248848,-10.496921679,7.42512894671
2016-10-31,11.5519069337,20.3431068685,-10.5606384505,6.95026683277
2016-11-01,12.6001471802,19.0415775666,-11.5753226245,7.10849087053
2016-11-02,13.0635859215,18.7657662167,-10.4671202694,7.95615202236
2016-11-03,12.3811305973,18.4539653525,-10.5213923123,6.49527907494
2016-11-04,12.0447509981,20.3938140923,-10.3549634972,5.47622206005
2016-11-05,13.7024762878,20.386379907,-9.41577275213,4.91024695978
2016-11-06,12.9549975294,19.4428834088,-10.5555727341,3.94376079191
2016-11-07,14.0325277384,17.8701887167,-10.3733220064,2.46186620976
2016-11-08,14.1076399975,17.8087930444,-11.4613617807,3.29600930328
2016-11-09,15.0119426398,17.9255487829,-11.7946296952,0.918252264812
2016-11-10,16.0734461439,18.0888577128,-12.3160842356,2.0089134516
2016-11-11,16.9855064397,18.932138404,-11.7932138828,3.51557030669
2016-11-12,18.1245974547,17.5315276436,-11.4911233003,5.57457746518
2016-11-13,16.2858924342,16.6727351427,-12.962907293,5.99690581845
2016-11-14,16.0348609504,15.9551370848,-10.9204409882,5.91248095865
2016-11-15,15.5916062416,16.2781223158,-9.75903266881,5.27741321606
2016-11-16,15.9407267574,17.3388237801,-10.117074888,4.61262417905
2016-11-17,15.3907728258,18.4235106558,-10.0792357939,2.44558218565
2016-11-18,16.0799953914,18.1018636654,-10.2871508133,3.28372228905
2016-11-19,17.2795163837,17.777993641,-9.6081239631,3.62594904426
2016-11-20,16.6480266504,17.2487705827,-9.25138250427,3.66347650682
2016-11-21,16.0380373046,17.436271071,-8.37755493275,3.91868969094
2016-11-22,16.9927628527,18.4915548424,-9.60257667214,4.58493417251
2016-11-23,17.3439183245,18.8414403845,-8.64413948834,2.25261616605
2016-11-24,17.8157897469,18.5344322009,-8.45354032197,3.1256770208
2016-11-25,16.3292984341,18.8435538642,-8.05834950879,2.50102734048
2016-11-26,15.6691558991,17.3705649247,-8.06537504691,3.63952281585
2016-11-27,17.7233861852,15.5717927848,-7.99440823376,3.28154917421
2016-11-28,18.770455338,15.0428879589,-6.97407998571,1.84323665925
2016-11-29,17.47198888,14.1180446092,-7.31184288961,0.957969555137
2016-11-30,16.3824952755,14.759885177,-7.65117654749,2.02303439005
2016-12-01,16.751796973,13.8564396459,-8.80989414707,4.64687980786
2016-12-02,16.8232658825,14.2982934004,-8.28371207684,4.96355796056
2016-12-03,17.3702697171,13.7852318892,-8.89680744509,3.06136399851
2016-12-04,18.0102365043,12.174883591,-9.06416329931,5.11376068722
2016-12-05,18.8098408222,11.8759791997,-9.24073537347,2.16402464625
2016-12-06,20.6595679473,12.8980822906,-10.7403830273,1.52928918045
2016-12-07,20.0275339167,13.5797860135,-9.81600471848,1.1712322122
2016-12-08,18.774835178,13.76671386,-10.7763440475,0.794696205321
2016-12-09,19.7479724346,13.8568133769,-9.98388565715,1.86788967168
2016-12-10,18.553272207,14.9698755786,-8.81699316767,4.02310469813
2016-12-11,18.413802798,14.5070946884,-8.44283975527,5.27680296058
2016-12-12,18.5289907817,15.1472660736,-8.23766267996,8.00382240689
2016-12-13,18.6316923011,15.6497874621,-7.58139964455,10.4756826964
2016-12-14,17.6909423159,15.6062516645,-8.45372431451,11.3692246623
2016-12-15,18.2670195905,17.9450317415,-7.94631316641,9.69824181607
2016-12-16,18.2398591292,17.0434627368,-8.85045764355,10.7394056956
2016-12-17,17.2387165432,18.4809704773,-9.33591449851,11.2879285352
2016-12-18,17.2524798122,20.0266219987,-9.18863097566,10.1142522809
2016-12-19,16.1502287622,19.1605296857,-10.8404198657,8.86019016062
2016-12-20,14.7423005551,18.9796555665,-11.9559964551,9.08406656831
2016-12-21,15.6933839351,18.1380525674,-9.76950053271,9.68240156354
2016-12-22,17.3765884473,18.3354943654,-11.8414071901,9.44257897145
2016-12-23,17.3202870499,18.8587943846,-11.8701964448,10.1863329052
2016-12-24,17.770344042,19.9988331795,-11.7345818816,9.72918107236
2016-12-25,17.795744618,18.2829712526,-10.0090619975,9.28106128039
2016-12-26,17.554999322,16.1889519618,-10.2039277663,10.3180249096
2016-12-27,16.0989658152,17.350037564,-10.4943425729,12.0955524859
2016-12-28,16.276224265,17.5927035279,-7.91500048806,11.2714596208
2016-12-29,14.9305929963,19.0323865219,-9.99307621991,11.7728575877
2016-12-30,14.4153240842,20.2790377114,-10.0706599212,11.0796926579
2016-12-31,13.2503763511,20.9819127585,-11.2193586063,11.0192422282
2017-01-01,12.9939291952,20.5852239217,-11.4556172723,11.9813699815
2017-01-02,15.3423285642,19.7064307633,-10.8390477587,11.5809442523
2017-01-03,15.0005460531,19.6893854371,-11.1622519267,11.7277712528
2017-01-04,15.2025174785,19.7047864976,-11.2790870792,10.4652162712
2017-01-05,14.8401702815,18.3523951774,-11.9314841502,9.42201276259
2017-01-06,14.6737311116,19.3355637361,-12.5201817887,10.5817443543
2017-01-07,15.1465407296,19.617893993,-12.9913104604,11.8967128371
2017-01-08,15.5719647896,19.8302542457,-13.907288557,11.8802542177
2017-01-09,14.2215306994,20.2429178297,-13.4538446454,12.9628984284
2017-01-10,15.9679157732,21.1739595802,-12.7957877438,11.9031819474
2017-01-11,16.5222027232,20.535089,-12.8218327709,11.7890180073
2017-01-12,15.8367243668,20.0808551389,-12.9209282908,12.9775102292
2017-01-13,16.2361439369,20.803484456,-12.9375550099,12.3893882194
2017-01-14,15.9390542767,22.1837887491,-12.0762895916,11.6459027585
2017-01-15,15.1549048567,23.5976431939,-12.7692746138,13.5028583935
2017-01-16,16.4357910318,24.906604204,-13.0710131671,14.0400929086
2017-01-17,17.3998625305,25.581136425,-12.6957454642,12.5919524108
2017-01-18,18.6912379444,25.7615688321,-13.6494314161,13.1247157973
2017-01-19,18.3263750118,24.2510572033,-14.2711121268,13.7580335977
2017-01-20,18.3540625657,22.8811291628,-12.03617916,14.6354963441
2017-01-21,18.226556523,23.4115376556,-10.4706421338,13.0925590067
2017-01-22,18.5830829859,22.9626184681,-10.5716618701,12.4850041595
2017-01-23,18.6530079325,23.0898603983,-12.5106216054,13.6893162618
2017-01-24,18.6772527045,23.0177888915,-14.3098427813,14.2030126284
2017-01-25,18.7113046202,22.5834042897,-14.7540112773,14.3902033097
2017-01-26,18.4694119533,22.7622497938,-15.2510638471,13.3516858569
2017-01-27,17.4626596929,22.9206128201,-14.5400709216,13.3358596347
2017-01-28,19.1873113471,22.0096480611,-14.9785871408,14.6820946821
2017-01-29,18.3582903589,22.2011781191,-13.3932726956,14.6041014808
2017-01-30,16.9190524987,23.292659913,-13.3886325836,16.016373579
2017-01-31,16.6495706734,21.910702757,-13.2591945088,16.555378035
2017-02-01,17.1901904646,20.790765387,-13.803573728,17.2133018795
2017-02-02,16.4172391656,21.3686676306,-13.4254844966,17.9560537806
2017-02-03,14.1894388211,22.0014123703,-12.059405907,19.7542049532
2017-02-04,15.694387842,22.4832774737,-13.942148658,19.453136725
2017-02-05,15.9008811431,22.8576524824,-13.3297092771,20.8586242087
2017-02-06,15.7325021968,23.4774062202,-13.0389771393,21.1382878543
2017-02-07,16.6948154585,25.39585138,-11.0878744047,22.655002126
2017-02-08,18.2194012749,24.8290186177,-11.0075287154,23.3154844035
2017-02-09,16.7691674394,24.5661753869,-11.0601465466,20.9620682857
2017-02-10,15.3601008567,24.0441922805,-11.2231416897,21.5828108675
2017-02-11,16.1277237316,24.7281345743,-11.7908423171,22.2534702894
2017-02-12,16.2373897127,23.4535102777,-11.3158232702,21.2460119395
2017-02-13,17.615849203,21.9521432925,-12.6926056032,21.0502675568
2017-02-14,16.8690537137,22.0693060868,-13.2335709259,21.4366793949
2017-02-15,15.2570281736,20.9731192479,-11.4059104453,20.4026895291
2017-02-16,15.2160748904,22.7694927154,-10.7374833967,20.5872205346
2017-02-17,14.4684921528,23.846030036,-12.4798893189,19.4947829691
2017-02-18,16.2325480688,24.3303169969,-13.7298541646,21.6325684249
2017-02-19,15.8416766889,24.4830589174,-14.7143825666,20.9759547675
2017-02-20,13.6714728564,23.8035238482,-13.8124107151,19.1193616278
2017-02-21,13.0053088143,23.9429712789,-14.4582070741,18.6787206674
2017-02-22,13.7326748034,23.604514747,-15.6556109714,19.3053879308
2017-02-23,13.1292395388,24.4571712305,-15.4654955613,18.9636299645
2017-02-24,13.2777076638,26.8076776853,-16.3126553036,19.6313444033
2017-02-25,15.389194314,26.7520180537,-15.2832774925,19.8483642581
2017-02-26,16.4713786751,27.8830155375,-14.8658072629,19.0871161312
2017-02-27,14.7153940251,26.2670651034,-14.3120616671,18.3613827229
2017-02-28,14.7139211036,26.618861616,-13.0948193775,17.4413431392
2017-03-01,17.0200747751,26.391425145,-13.1984843185,18.1886215001
2017-03-02,15.9763840202,27.0096255674,-14.331911628,18.4472324532
2017-03-03,16.2676704701,27.0617588051,-14.6445163122,17.8509994625
2017-03-04,16.4152040856,24.3290940187,-13.4620053264,16.4297386921
2017-03-05,16.1665187147,22.6245318273,-14.168115704,17.0380410538
2017-03-06,16.3845029563,21.0476247121,-15.3080591542,16.3086792721
2017-03-07,15.7956783685,19.7942435658,-15.943128973,16.883105146
2017-03-08,15.022549886,18.0643601974,-16.732138917,16.9064717334
2017-03-09,15.176059219,18.9118284619,-15.9896728457,16.1175275469
2017-03-10,15.2352589127,16.773230338,-13.8917692555,15.591434923
2017-03-11,15.1734987235,18.8869711976,-15.7009771265,16.4257742299
2017-03-12,14.7442092894,19.0326474845,-17.6910135078,17.1361954524
2017-03-13,14.3154381116,18.8781463176,-17.7571407095,16.739369544
2017-03-14,15.2053362522,18.3897006641,-18.1081731033,17.4000255324
2017-03-15,13.9146090901,15.7222632824,-17.5906410045,17.8987515531
2017-03-16,11.8876560312,15.8117525874,-19.5546246448,18.2904856237
2017-03-17,10.7739480647,16.8066529597,-18.9193938606,19.0503196589
2017-03-18,11.8004473446,17.499935994,-18.8738183001,18.0535782874
2017-03-19,11.5548142427,16.9341937255,-18.8270672088,19.038489282
2017-03-20,11.6792580714,18.0171618715,-19.8317586519,20.0399514958
2017-03-21,10.3015691297,18.3113238704,-18.6036508421,18.8028810434
2017-03-22,9.66452929738,18.9614717639,-18.2041581139,19.6348895112
2017-03-23,8.3602286143,18.3350332029,-18.4012045286,21.5449114722
2017-03-24,8.88525911222,18.7954189797,-17.134344902,22.0042286185
2017-03-25,9.2518931221,19.5262317891,-15.600577333,24.6203455652
2017-03-26,10.7737167486,17.4271364583,-16.2589259315,25.0751575142
2017-03-27,11.8400614962,16.909076869,-15.6660825551,24.9928598981
2017-03-28,10.5305987966,17.6126218479,-15.688834307,26.7415418433
2017-03-29,11.7510720464,17.1127509355,-15.9946364122,25.6182827038
2017-03-30,11.5108400249,18.2417294446,-15.8538368879,25.495579835
2017-03-31,11.9805650456,18.5047626634,-16.3583837832,26.0016882602
2017-04-01,12.7755520844,17.9299305196,-16.7567198597,24.8877502707
2017-04-02,11.6765657182,18.0511801705,-16.4713927519,25.1584563411
2017-04-03,10.4009517569,18.906876548,-15.5663778325,24.197616329
2017-04-04,10.5468924243,20.2906564288,-14.3093020358,24.2948937836
2017-04-05,10.5636958855,20.7187670496,-15.8296025733,24.0248814608
2017-04-06,9.31097192436,20.2292611249,-15.3341439085,24.0478946723
2017-04-07,9.17422148434,19.5567359786,-14.9120823253,26.4678708391
2017-04-08,7.24493032003,18.7474513751,-14.7958696512,26.2115354733
2017-04-09,8.43920985806,20.535179002,-14.3575140991,26.8075662267
2017-04-10,10.5043370116,20.6297117153,-14.3603234758,27.2515378645
2017-04-11,9.52909821543,20.8416331659,-14.7366054992,26.6410626958
2017-04-12,8.984415875,22.0790239536,-15.2776943115,28.1669403395
2017-04-13,8.67426749737,22.5503895363,-14.5629879455,27.225679627
2017-04-14,9.20942973337,21.2154928068,-12.9963243954,27.5215221337
2017-04-15,8.42078838712,22.3428232957,-13.7324119189,26.5808387821
2017-04-16,10.8069289803,22.3669317552,-13.0406416235,25.9715434827
2017-04-17,10.6794316129,21.3795823504,-12.947335706,26.0088746665
2017-04-18,10.3358368536,19.863142399,-13.0061984474,26.544716727
2017-04-19,10.4940918373,19.3362878696,-13.1487482549,27.1146651773
2017-04-20,9.38583663658,18.7915410107,-12.5686451702,27.8659405339
2017-04-21,9.91873440228,17.5720254963,-12.7596972809,27.6841293625
2017-04-22,9.62064906863,18.1539606176,-12.1339311465,28.2703802459
2017-04-23,9.93079374095,17.4037106568,-10.779388432,27.7939479901
2017-04-24,11.884499254,18.0311218245,-10.6386958573,25.6144539603
2017-04-25,13.079792936,17.1968984584,-11.6059087259,26.899967276
2017-04-26,13.2795683761,17.0858042168,-12.404595049,27.2794782018
2017-04-27,14.0970763696,15.4988470525,-11.9851337429,27.3824779438
2017-04-28,13.6760004548,14.4462940902,-12.475797486,27.3367419774
2017-04-29,14.4169546614,12.1422453421,-11.579928983,27.2297803342
2017-04-30,13.8690964067,11.5427525467,-11.0891985672,29.283946984
2017-05-01,12.9517052152,11.4150794963,-12.014020149,28.7974939454
2017-05-02,12.3317906296,11.7169056204,-13.5369057271,28.925133996
2017-05-03,13.2792864428,10.0680474671,-13.7806030304,30.4443390041
2017-05-04,12.0574418644,8.78267055069,-15.089256187,29.6188027378
2017-05-05,11.7570617894,8.51150333898,-15.9923374538,28.2234272695
2017-05-06,11.9553972417,8.94767636773,-15.744325479,28.6259817325
2017-05-07,11.9054759191,9.60545928813,-16.8994614697,26.8473778372
2017-05-08,12.7266946909,9.18731525424,-17.2436619577,25.7628029597
2017-05-09,14.2132894762,10.0892392004,-16.4464271782,26.0235922939
2017-05-10,14.7976728429,9.56487963442,-15.766201548,25.6868116286
2017-05-11,15.8013859102,9.15687250853,-16.3182707312,27.3571372205
2017-05-12,14.6163167318,10.2588006455,-16.6778190629,27.1295657377
2017-05-13,13.7067614679,9.59973936712,-16.9527794405,26.405989224
2017-05-14,13.5968697359,9.52978656456,-16.867282231,26.5601109816
2017-05-15,12.7437902564,10.8769219281,-17.8001021798,26.0940329259
2017-05-16,14.7050012027,10.9064698608,-18.2649598789,27.019345748
2017-05-17,14.0190108932,11.9193330594,-18.0128935317,28.0620289069
2017-05-18,14.4700380079,12.4028069979,-15.9470259004,29.7125653459
2017-05-19,14.9363783204,12.4592557469,-15.8372791333,29.5193155094
2017-05-20,13.1180981769,12.6319127091,-16.4063277826,28.1224050217
2017-05-21,13.6224310674,13.4937974367,-17.004743239,27.6821987383
2017-05-22,13.0848142218,12.5147175888,-17.3998954163,27.4028190487
2017-05-23,11.575979751,13.7345199405,-17.9879813899,27.2477752575
2017-05-24,10.1287194542,13.7577377789,-19.3383652378,26.540502044
2017-05-25,10.5541139114,13.9393051826,-18.38702828,26.7393980534
2017-05-26,11.1687437116,13.504164621,-17.007596521,27.1428369279
2017-05-27,9.74490757495,14.4484210053,-16.0271519615,27.7024962906
2017-05-28,8.62284813419,13.9210090774,-16.5703476121,26.4927068415
2017-05-29,8.76924381479,11.8024975026,-16.5977209573,25.6981355799
2017-05-30,8.07938155542,11.6044628585,-16.8003942127,27.3842432472
2017-05-31,8.69309644422,10.4834553809,-18.8033359145,29.9688472687
2017-06-01,7.48164279291,9.62881895011,-20.5570728616,29.5194291592
2017-06-02,7.08568016074,10.3342547639,-21.2749825354,28.758569481
2017-06-03,7.75933647141,9.59181140992,-20.9670198924,29.7757052061
2017-06-04,8.21234949735,9.99348398792,-21.2555413924,29.4391499381
2017-06-05,7.31362951672,10.9347746792,-21.1432068792,29.2566592269
2017-06-06,6.438950713,11.5194407572,-22.4774380713,28.8822434323
2017-06-07,6.20274471228,12.3012560653,-21.2846202519,28.9010000129
2017-06-08,6.42748147548,12.2003733406,-20.8855510939,28.7104205792
2017-06-09,7.10933960851,12.1108387292,-20.1002545972,27.6568460023
2017-06-10,8.09162703242,12.1972690836,-19.7845240794,27.9106866091
2017-06-11,6.75461987398,12.7809455556,-20.9178775535,27.9796861542
2017-06-12,7.03623215453,12.7652316435,-20.1895122182,27.4635984319
2017-06-13,6.41292082058,11.5391215894,-22.6779719029,27.0610369254
2017-06-14,6.50910673614,13.2631026172,-24.0840825393,26.4918665275
2017-06-15,6.81634101284,12.8846077659,-22.7877061946,23.903637186
2017-06-16,7.17646723921,10.8875356315,-23.3158950576,22.7646317253
2017-06-17,6.60199930284,10.2601320298,-23.4816279976,24.1631127463
2017-06-18,7.13780965428,11.8861990176,-23.0625466738,23.0043827373
2017-06-19,7.34959713843,9.97301514388,-20.7262695257,22.1839803456
2017-06-20,9.3820131844,11.9245497702,-20.6847565976,21.8928984712
2017-06-21,9.96804262169,11.6041481656,-22.6172179996,21.9695725632
2017-06-22,10.1238194874,13.1949124976,-22.2368858428,22.9378571182
2017-06-23,9.30596108488,13.8714198418,-23.4141197961,23.558509686
2017-06-24,9.60963880913,14.3427120082,-23.8200463878,23.1049936572
2017-06-25,8.57506431381,13.0895653247,-23.7236851676,23.2263448632
2017-06-26,9.03752811985,14.0715477212,-24.214699354,22.9036860017
2017-06-27,10.1367825553,13.9649839503,-24.5487221839,21.5770285726
2017-06-28,10.8117299356,15.2393369493,-24.9795007318,20.2910340341
2017-06-29,10.6203047134,14.4258366325,-23.966641088,20.2359336842
2017-06-30,9.62914166436,15.721019502,-23.1539429576,19.4384353805
2017-07-01,8.72278208726,15.636212067,-24.0645642448,19.4038681865
2017-07-02,8.62259501445,14.0734247912,-23.5030177297,18.0800830309
2017-07-03,9.79038388658,13.1268175521,-24.9796595591,17.685118843
2017-07-04,9.5512077972,13.2136102619,-25.8392090169,17.0766577352
2017-07-05,8.73672714458,14.7082749155,-26.0569978254,17.1938176939
2017-07-06,7.4785454137,14.3130351319,-28.3832565699,17.445568548
2017-07-07,7.88649980122,13.3857727675,-27.6408407386,16.8888994686
2017-07-08,7.61440947286,13.3690471754,-28.6068640448,16.4366417919
2017-07-09,8.90433851091,14.6141556354,-28.4580087384,17.3646417323
2017-07-10,8.70149904259,16.3890868167,-27.2955087727,19.0441709664
2017-07-11,8.92053169243,13.0361361473,-29.0176856674,18.6724590723
2017-07-12,9.44961959883,13.436673935,-28.5157915464,16.8119689772
2017-07-13,8.03082924129,13.8261851029,-30.0550002257,17.6978106221
2017-07-14,9.00704207646,13.0179447328,-28.9377074332,20.0000871992
2017-07-15,8.8970607449,11.2384949606,-27.6796279465,21.3002714006
2017-07-16,9.02477081014,13.9069049489,-26.7552093574,21.9673686756
2017-07-17,10.2196957285,12.0149726858,-26.9586189311,20.1356858456
2017-07-18,12.5119688152,11.7390981402,-26.3983598221,20.4148685365
2017-07-19,11.6400520271,13.1572248653,-27.1424021396,20.6758086111
2017-07-20,12.5015701489,15.328779545,-27.0152391877,21.9048742141
2017-07-21,12.9708283751,15.3226386924,-28.5573970486,21.8196468002
2017-07-22,12.6991571687,14.8873794083,-27.9164070417,19.9401331832
2017-07-23,12.6089011088,15.0316955439,-28.097186618,20.4337889431
2017-07-24,14.4615069155,14.522654807,-28.4791191599,19.9295155816
2017-07-25,16.8794451692,13.8589398547,-29.0693393547,21.8553935373
2017-07-26,17.5036420573,14.1769082139,-28.3482421869,22.2716014373
2017-07-27,16.0995301804,13.6489760419,-29.2517394148,22.7520980762
2017-07-28,15.506808795,13.5424178799,-29.0807277869,21.3285065228
2017-07-29,16.177339538,13.0749998198,-29.1377614759,21.4520511933
2017-07-30,17.315203792,12.9555187414,-28.2880811357,21.1392165284
2017-07-31,17.3637447364,11.6585575477,-27.6941650373,21.6625108955
2017-08-01,18.2645368586,10.9543915248,-27.2567566601,23.4396704531
2017-08-02,18.0298858644,10.9670087477,-26.8658612571,24.4995505075
2017-08-03,18.0600351963,12.6090629725,-28.3020236617,23.4555558115
2017-08-04,17.870938902,12.918175732,-27.6236857899,24.3721454639
2017-08-05,18.6365864118,12.728911686,-29.2589110228,24.2305212092
2017-08-06,19.3689183448,14.6555448311,-29.8506295765,23.0116960828
2017-08-07,18.6873972452,14.6299266776,-29.9207505019,22.5655132312
2017-08-08,18.3999850021,14.5827408368,-29.663541466,22.0265670068
2017-08-09,17.6218631811,15.9935460775,-30.5443607669,24.0852078534
2017-08-10,18.2721887975,15.0299663852,-32.1624086435,23.7698939036
2017-08-11,16.9895182522,14.5177573637,-32.495347884,23.1547597022
2017-08-12,17.8834376316,14.4917309089,-32.9942365982,22.1241622028
2017-08-13,18.7287492176,14.1131155998,-33.1515339536,22.415472888
2017-08-14,19.7096874105,13.6249702807,-33.6668205456,22.8122488242
2017-08-15,20.6984179701,14.1590593572,-34.4115882328,23.0993235931
2017-08-16,20.2057391714,13.2881392949,-32.6879120226,21.9075696642
2017-08-17,18.0725802917,15.3416092512,-32.781347638,22.8224195002
2017-08-18,20.1919146243,14.7517704491,-33.2210138777,22.7983334458
2017-08-19,19.2404796794,16.753096439,-32.5266783334,22.548622709
2017-08-20,19.4605723976,17.2174322767,-32.3982828081,25.3957085623
2017-08-21,18.2635663496,16.9100339391,-32.283558044,24.2081600914
2017-08-22,17.5227061085,17.9499562577,-32.9272306487,25.0872426054
2017-08-23,17.5588247176,19.5319455723,-33.9014323484,25.2536928109
2017-08-24,16.2902697334,20.3265608285,-33.4943616563,26.0098544522
2017-08-25,16.8765973264,19.5814151118,-33.9890398676,24.1770079414
2017-08-26,18.0521089917,20.6827584712,-32.8913881661,25.2511715563
2017-08-27,18.7612802545,20.6567360616,-32.2514612495,24.5855000309
2017-08-28,17.106530978,21.4026593409,-32.050933957,22.5768574939
2017-08-29,16.8432686465,21.9832995574,-32.2840222501,23.4235820622
2017-08-30,15.5558508178,21.8123986744,-32.0681148034,21.9349188372
2017-08-31,17.9049842688,21.1107753349,-32.2765573628,21.160431888
2017-09-01,17.3760163443,20.7778098657,-33.5692895275,20.9206182511
2017-09-02,18.8545721404,21.2488637123,-31.9938133378,22.9209492792
2017-09-03,18.9988763072,23.8874958212,-30.6355400295,22.2473781445
2017-09-04,19.1310823622,24.9136422015,-31.4772482654,21.8474498993
2017-09-05,19.8939829061,24.7062164719,-32.1655244121,23.1349954568
2017-09-06,20.4162196561,24.6293249882,-33.0737278422,22.7217114851
2017-09-07,20.3687469121,23.8914150749,-32.5497860705,25.086117995
2017-09-08,20.7758627907,22.9355259517,-33.9688134897,24.1843786111
2017-09-09,21.3036691443,22.2323833169,-35.1201025261,24.048071964
2017-09-10,23.3367988444,24.3905630222,-35.3207922817,25.330663159
2017-09-11,22.6727927563,24.2374990024,-37.151700869,26.0864329856
2017-09-12,22.1420699346,26.0170852221,-37.9702417186,25.3593080561
2017-09-13,22.7924336359,26.9435257161,-37.7914340522,23.9585723959
2017-09-14,23.3977616123,27.9626399706,-35.9278364645,24.763566656
2017-09-15,24.671956754,27.4556147774,-36.7242093356,24.9218311755
2017-09-16,23.4588664784,26.2505094926,-37.0801991308,26.4410169023
2017-09-17,25.4494224542,26.7114089198,-36.1511600008,26.349304808
2017-09-18,25.7730098069,27.0494986203,-35.1803062296,25.6381290163
2017-09-19,23.9126651978,26.4458726075,-35.5765966042,23.8021017372
2017-09-20,25.2046047988,25.8029054073,-35.6673086808,23.1983692045
2017-09-21,23.1859621897,24.6548162103,-34.9788451028,22.0778131273
2017-09-22,23.1814776157,25.6274319423,-33.6988544357,21.9969325505
2017-09-23,23.6762610335,26.0616842251,-32.2547932499,20.7550325142
2017-09-24,24.6066957794,26.5896852157,-33.1305372074,21.3040676954
2017-09-25,23.3154546112,26.0182361016,-33.7289023286,21.0759966285
2017-09-26,22.8419158167,25.409093533,-34.0685240095,23.8856877993
2017-09-27,23.4015981625,25.0021752573,-34.3937703269,23.0028610763
2017-09-28,24.0118827988,24.4256142296,-35.9942385053,24.2127620397
2017-09-29,24.3798942225,23.1870016602,-34.4791420201,24.0354577086
2017-09-30,25.4446411914,24.7522767395,-35.5838687289,24.5897591485
2017-10-01,26.0214142932,26.2620376093,-36.3046072476,25.9591376224
2017-10-02,26.4878795317,25.5983340353,-36.9777851216,25.4065607892
2017-10-03,25.0160999364,27.3065263865,-36.7955686492,24.6071930527
2017-10-04,25.0285152087,26.9020049047,-38.3778513101,23.6233478971
2017-10-05,23.572892391,26.883700665,-37.8604097783,22.7911555319
2017-10-06,23.4391650005,25.9426364983,-39.2668868013,24.0763061034
2017-10-07,23.3374547149,26.324401047,-38.2152536132,22.1288850988
2017-10-08,23.355376586,25.7720541825,-38.3601616565,21.7111342456
2017-10-09,23.9173446224,25.4814495695,-39.1681769501,19.7389746863
2017-10-10,24.0978030925,24.9434440288,-38.2592611944,19.351956406
2017-10-11,23.419026528,25.224911111,-39.1863607294,20.1152988267
2017-10-12,23.9418537976,25.550885787,-39.2540717379,19.9723721711
2017-10-13,24.451092992,25.3126866822,-39.5437040886,21.973168774
2017-10-14,26.1309628851,23.8934074934,-39.5447911635,21.8979965051
2017-10-15,26.0113544466,23.4164407872,-39.8285227449,22.115101286
2017-10-16,25.924647539,22.8616857083,-41.0453701719,22.3095742906
2017-10-17,25.1901390565,23.8208786545,-41.1749681985,21.7120635118
2017-10-18,25.2536091414,25.2467974314,-39.9373183696,21.620761662
2017-10-19,25.005299954,26.2250221462,-39.7560014143,21.9886013366
2017-10-20,24.4573975621,26.2485365769,-37.9787127098,22.6399185821
2017-10-21,23.0581643041,27.2626681529,-39.9588496099,22.8642631075
2017-10-22,22.1124032058,28.3217569895,-39.6913010132,24.883992355
2017-10-23,20.6004788839,27.0353325517,-38.2194789212,26.1936353594
2017-10-24,20.9229304051,27.448569034,-37.1664492757,26.1835688089
2017-10-25,21.5874114905,28.1147885554,-37.692857553,25.4477384802
2017-10-26,21.8084236338,30.5312776761,-37.3124602043,26.7346660752
2017-10-27,21.8330234009,31.0570144455,-39.2989116462,25.4027177145
2017-10-28,20.6826737787,30.1958609969,-38.1624156252,23.4209916086
2017-10-29,20.5533980386,28.460153595,-40.4579641238,25.2531457419
2017-10-30,20.4712611039,28.2760962737,-39.7010092593,25.1118921645
2017-10-31,20.8298765176,28.7117890926,-38.2960773118,25.5356877113
2017-11-01,20.0881485689,30.3164662911,-38.5322926031,24.8617059357
2017-11-02,19.5151208793,30.0362148567,-39.3187459751,26.5148954816
2017-11-03,17.7585926004,29.3518574893,-39.4698777329,28.1887670225
2017-11-04,17.3263633844,29.3635923766,-40.0302252166,27.40479638
2017-11-05,17.4038477056,28.188469733,-40.8302036948,28.0862428768
2017-11-06,17.5407269372,27.8475600858,-41.5678644381,27.23929302
2017-11-07,15.0420532403,28.0732166651,-42.4559434254,25.4087979475
2017-11-08,14.6273716845,28.6832367583,-42.2677520791,25.7246589325
2017-11-09,14.8921150738,28.1137716957,-42.7856631769,26.1184427766
2017-11-10,15.4783840544,28.7209191471,-40.3214652849,26.3595841033
2017-11-11,12.7559813743,30.1493519323,-40.0367263356,25.2204649697
2017-11-12,12.4471301908,30.4317014363,-41.53729989,26.338537779
2017-11-13,13.6321019727,28.9156885254,-41.0935577793,25.5120839816
2017-11-14,13.6553058431,28.9766021434,-40.0724443842,26.3019787699
2017-11-15,14.8055342948,28.8572457434,-40.1692643126,25.3296719323
2017-11-16,15.5246782085,29.7858678739,-41.3685080442,27.0974677261
2017-11-17,15.2835790409,28.4726116035,-41.9254797306,28.0726493147
2017-11-18,14.8429738018,28.3926092878,-41.0786633746,25.9036183396
2017-11-19,13.5391465446,27.9654763094,-42.0597852935,25.3943336491
2017-11-20,13.3611377307,25.5016880113,-42.4733675734,24.1758610191
2017-11-21,14.9254335448,26.0332785446,-41.6580589726,24.0797734453
2017-11-22,15.6680239022,26.1396166307,-40.5167792891,23.6148524882
2017-11-23,16.8707184743,26.7315074587,-40.6723942853,23.9039242731
2017-11-24,18.222077529,26.92008913,-41.252615215,24.4115693013
2017-11-25,18.9075776838,26.1110909683,-41.0394943767,24.8433270475
2017-11-26,19.399840712,25.1880207325,-40.6478499652,25.4885626672
2017-11-27,18.9992154415,26.5732025296,-40.9707914742,25.1514415148
2017-11-28,20.0658934406,25.4223260892,-42.8671703296,24.2916778347
2017-11-29,20.6436264926,25.5886981096,-43.1320854726,24.8432818054
2017-11-30,20.9495620838,25.3635750091,-43.2751921883,24.6392578358
2017-12-01,20.9833359349,23.7057422443,-41.8110624391,24.140189738
2017-12-02,19.7971434181,23.8957661303,-41.659628169,24.1043228274
2017-12-03,18.2106718158,22.9228411608,-42.2802436582,23.6781450072
2017-12-04,17.3871532748,24.3145268037,-42.4480365897,23.6430883674
2017-12-05,16.1580465991,25.6908439098,-41.4240646176,23.0610274376
2017-12-06,15.7680658067,26.1904909387,-44.5122487179,22.2647958296
2017-12-07,16.3458117863,24.6957084878,-43.9213205155,22.2866741957
2017-12-08,16.0520260637,24.9298512455,-44.0386580626,24.0380670317
2017-12-09,15.0811552852,25.681339113,-44.1226511717,23.3534175479
2017-12-10,16.339396398,25.7852498615,-45.5032328129,22.2098403965
2017-12-11,16.5162673602,23.9677969147,-45.3072988183,22.3220579773
2017-12-12,16.6247820144,23.3439918193,-44.1915424497,23.3748651282
2017-12-13,17.660782224,24.9582772332,-44.7158467876,23.5617612651
2017-12-14,17.683544136,26.6585917277,-45.5901782138,23.358313287
2017-12-15,16.6461401526,28.3258619744,-46.402197517,22.978741725
2017-12-16,16.8529337885,27.2152639615,-45.2494527992,21.6124426235
2017-12-17,16.01346652,28.1963448702,-46.2040239604,21.8084736878
2017-12-18,15.125084213,27.3554660935,-47.3001075861,22.1419801401
2017-12-19,14.9097586542,28.6342926631,-48.7117985122,21.0300503966
2017-12-20,14.7339599823,29.0581114469,-49.1626404071,20.9358519609
2017-12-21,15.3021713875,29.4366213074,-49.0976605703,19.6179442354
2017-12-22,15.0154807296,30.2888947919,-45.5769766763,19.0381526226
2017-12-23,14.140664191,28.4556298063,-45.8219465654,21.6016047188
2017-12-24,14.0695579688,27.6584910365,-46.1788138208,20.0845022319
2017-12-25,13.0633705792,27.813588024,-45.4130368431,21.1873999573
2017-12-26,10.7996493728,26.9918444016,-45.0656847622,20.7721979914
2017-12-27,10.5211175187,27.7468594493,-45.5344634812,19.3995191485
2017-12-28,8.61687970345,26.0925837611,-45.9564285981,19.7854643656
2017-12-29,9.62687264539,26.673112562,-45.2296972563,19.4312175049
2017-12-30,11.6972468603,26.2081567368,-42.8075543903,19.9031054909
2017-12-31,10.9550369935,25.1384848111,-43.7155322214,20.9113756921
2018-01-01,10.0803340281,24.3844381481,-42.8074682346,21.2353814307
2018-01-02,8.50246785774,23.6853788782,-42.7843871093,21.528816937
2018-01-03,8.62154602252,23.5841186857,-44.5268073584,22.0544070881
2018-01-04,9.55154577121,23.3466114133,-44.8806157511,21.3225806009
2018-01-05,8.47803885148,23.4257456714,-45.8878903176,19.5945822221
2018-01-06,8.88643096587,23.9328012783,-47.0343817145,17.5904515225
2018-01-07,7.82279475862,24.375519155,-47.7798040722,17.6026249715
2018-01-08,8.04388956114,23.787958134,-49.328532228,20.2395058316
2018-01-09,9.15776098558,21.7674700803,-49.6059931574,21.7231639286
2018-01-10,8.40567131258,23.2096938246,-50.0130627128,20.9092320281
2018-01-11,9.22728653406,23.1700933702,-50.4488054727,21.6499854892
2018-01-12,9.22449540537,23.3235869095,-49.5000350944,19.5600900384
2018-01-13,10.9008367264,22.9538558113,-50.159428248,19.4816937967
2018-01-14,11.7384399284,21.9087029123,-49.7288380368,20.7012673772
2018-01-15,12.0638174156,22.2423942016,-50.611497537,20.358550796
2018-01-16,13.0262639862,22.1251264843,-50.1624730873,20.5602612475
2018-01-17,12.3312115119,21.9663837418,-49.8541912369,20.0714480344
2018-01-18,12.6113617329,21.3243033196,-47.481517615,20.1223249135
2018-01-19,12.2569045668,21.8822218782,-45.995597473,19.6114321229
2018-01-20,12.8238716414,23.1906705405,-45.3018570235,18.8206742276
2018-01-21,10.1349612223,21.6840204359,-46.0196248575,19.3149498252
2018-01-22,10.0328104922,22.2797183609,-45.6919687521,18.6494110978
2018-01-23,10.9438594333,21.5433267792,-44.7477123338,18.8986309028
2018-01-24,9.1558388693,23.1168916131,-43.2896874992,20.6216868906
2018-01-25,6.84917386394,24.7354837984,-42.3498486465,18.9185180819
2018-01-26,6.27676701188,24.5949634416,-40.7922603268,18.9932310924
2018-01-27,7.34343125707,23.9301060399,-40.1843046593,17.66581651
2018-01-28,7.94532989017,23.1207191708,-42.4953097448,17.5708992564
2018-01-29,8.77955098111,22.1330610253,-41.6726321985,18.7273145358
2018-01-30,8.1178874452,23.6936317478,-41.5447762128,17.9337766321
2018-01-31,6.55007668942,24.2271151902,-40.3174875043,16.9215474343
2018-02-01,7.41115412876,25.9335489297,-42.3009345897,17.2475217903
2018-02-02,8.81464334108,25.61115831,-42.5391135419,16.4262319831
2018-02-03,8.49583312062,25.2471333194,-43.3502920946,14.8281146687
2018-02-04,6.46214398691,24.6292448166,-43.9845211803,14.9151598169
2018-02-05,6.39290771668,25.5898414067,-43.5248672207,16.2547621376
2018-02-06,6.60461632241,23.9571954311,-42.6233646942,17.3108329665
2018-02-07,6.26925685535,24.4022729185,-41.9370730162,16.9293370062
2018-02-08,8.12694210337,24.6801412746,-41.9777240173,16.6414261561
2018-02-09,9.11057190216,23.2496781689,-40.2636130892,16.6085919001
2018-02-10,8.66115718433,22.8277901878,-40.1221781549,19.3778099149
2018-02-11,7.99091125225,22.3635681328,-40.421873415,18.4042664356
2018-02-12,8.76598753263,22.9638394201,-40.3471056624,19.0844922654
2018-02-13,8.07431763669,22.079735582,-40.204375745,19.1889068085
2018-02-14,8.58119927819,22.3564522012,-40.7357221548,19.4705570927
2018-02-15,8.36728877182,22.1743812183,-39.5215599326,19.2205958593
2018-02-16,8.06700723022,23.7320012145,-40.1922252295,19.2312516752
2018-02-17,9.02877902657,24.3847198482,-40.1214225292,20.31225942
2018-02-18,9.27598812871,23.7089274005,-39.8790818168,22.1906890852
2018-02-19,8.92865479395,24.6563523367,-40.0340216132,22.1904594382
2018-02-20,9.41999167498,23.2501069095,-40.8600412053,21.7303920736
2018-02-21,8.39994747621,23.4080854376,-41.3270040643,20.7764327729
2018-02-22,9.17272558361,22.5997642076,-40.847434583,21.7539426318
2018-02-23,9.93725791097,21.1222917109,-40.5502438722,21.2775387609
2018-02-24,9.96075291977,21.3711456842,-41.258897532,21.5508176726
2018-02-25,7.99544549613,21.1321360158,-40.5344492229,21.3699671158
2018-02-26,8.03287647319,20.649564882,-40.3426876022,21.3943913927
2018-02-27,9.91305910202,20.6679907579,-41.1947497889,22.2108030812
2018-02-28,11.6302463668,19.2416616,-41.3038412459,22.4054100435
2018-03-01,12.4765772724,20.416823489,-39.7270848074,24.6418029887
2018-03-02,12.4640029738,20.2051965015,-38.6945463451,23.8779357304
2018-03-03,11.1211550508,21.1643695527,-39.5393114869,24.620639874
2018-03-04,12.0302879416,22.6334634293,-39.6511379174,23.0312278076
2018-03-05,10.4693103425,21.0542456881,-39.4776249267,21.9029143793
2018-03-06,7.8529037491,22.0498416788,-40.0203992156,22.0683028885
2018-03-07,7.55978088408,22.2069548386,-40.4160247637,22.3260678247
2018-03-08,5.32450940285,22.7106135291,-41.3092372475,22.7541540553
2018-03-09,5.70205515858,23.522634871,-41.7538098203,22.5355975552
2018-03-10,5.2415076683,22.6560927874,-42.7618666526,21.3772462273
2018-03-11,4.90687643099,22.8654975003,-42.491819033,20.4426482243
2018-03-12,3.70906209105,22.1567441003,-40.580151299,20.4350165966
2018-03-13,4.5076112361,22.4069091306,-41.5411867535,21.4180674161
2018-03-14,6.42490800097,22.737856505,-42.771570419,20.5000913708
2018-03-15,5.01852472517,22.6415375697,-44.298838301,21.8158460735
2018-03-16,5.91408546286,22.0223158056,-43.330988295,20.9076035477
2018-03-17,7.17891254421,21.7642450482,-43.1691649993,21.8193968538
2018-03-18,7.14182497835,19.7156290522,-43.5498818924,21.062709142
2018-03-19,8.22244908899,20.2572443139,-42.2796306186,19.9682834369
2018-03-20,8.05395799939,20.6389148863,-41.8800141795,18.813956353
2018-03-21,9.54499501189,20.5860664539,-41.230054339,18.7855020623
2018-03-22,10.1165991353,20.0659503737,-42.4042382916,18.5804565485
2018-03-23,8.89084818269,19.2762915909,-43.6348578999,15.8979102945
2018-03-24,8.68373331854,20.5977514384,-43.4302159496,16.8407018264
2018-03-25,9.88633454334,18.9736831989,-43.6971064592,17.6960760491
2018-03-26,10.7743748773,17.6772439574,-43.7970638942,18.0145126734
2018-03-27,12.8656326917,18.746999447,-43.0551039448,20.5049608612
2018-03-28,13.5577244885,17.5488817073,-41.9428788534,21.0141372954
2018-03-29,13.9609544601,17.6148303682,-41.2516908404,20.5240523733
2018-03-30,14.9452664985,18.0064057036,-39.1175243338,18.9412424189
2018-03-31,16.4598765616,17.9909061021,-38.4979704433,19.9718203679
2018-04-01,16.1839321222,16.1953926616,-39.5864427787,18.6467276089
2018-04-02,14.3903949098,13.9168145505,-39.0813946959,18.2632951815
2018-04-03,15.9057270217,15.312181136,-39.0121392538,18.1055890928
2018-04-04,14.8832804694,13.4694357134,-37.8007069134,16.9975341794
2018-04-05,14.5665203706,14.6193314986,-38.2258009887,16.8504363547
2018-04-06,15.3006132732,14.7565103965,-39.7639003697,17.6496504873
2018-04-07,14.5061581608,14.8451249614,-39.4698305406,17.4985396709
2018-04-08,13.7431574467,12.3912682917,-38.2500525335,18.4804041392
2018-04-09,13.0133097284,12.1668016474,-39.4076468853,19.1106587039
2018-04-10,12.5709431458,12.8654306944,-40.2550281106,18.347071251
2018-04-11,12.3921782496,13.7621545596,-41.0016916284,18.6516995366
2018-04-12,11.6467884424,13.1100170585,-43.7429382992,17.6400216776
2018-04-13,10.7597730725,12.8476462174,-43.6386050324,17.8097674633
2018-04-14,9.19337833681,12.8275145087,-42.9719585535,17.6971639742
2018-04-15,9.38930533344,11.3251896024,-42.3826992772,15.8582908934
2018-04-16,10.2169441792,12.2211788012,-43.452250814,15.0858336393
2018-04-17,7.56312801287,12.4848806788,-41.8656406404,15.2357175056
2018-04-18,7.51137044558,12.0399556391,-43.133419566,14.4818375337
2018-04-19,7.27070629104,13.3802948897,-44.4342302762,14.1458125485
2018-04-20,6.89824330082,13.3338725009,-45.9830552913,11.9365850606
2018-04-21,6.99063179449,12.9208553635,-45.2908654391,12.5256123049
2018-04-22,8.04062465843,12.5480834934,-45.6612387885,11.6887962423
2018-04-23,8.71070209816,12.7559722496,-47.2260322248,12.0925575931
2018-04-24,8.21676802505,12.4542883156,-46.5658453346,11.8477773266
2018-04-25,8.6777962267,12.6364175478,-45.6420928337,12.9051548067
2018-04-26,8.8303971377,12.7678035443,-46.3898546445,12.3666794342
2018-04-27,8.86045178306,13.4527712553,-47.6714275729,11.7456056773
2018-04-28,9.24221071611,13.7784167494,-47.2913982863,10.6389397084
2018-04-29,8.90505656458,12.9050095814,-47.5570843016,10.259079207
2018-04-30,9.23042999052,13.4452511009,-46.7072591766,8.93457379673
2018-05-01,8.90562328947,13.929373592,-47.4077960993,9.09584834987
2018-05-02,10.3075417829,13.0605081828,-46.3905703427,8.33478416379
2018-05-03,9.59527994317,12.9270039835,-46.0945528744,9.10947339844
2018-05-04,10.2729888745,13.2304924199,-44.9563509145,10.9990325058
2018-05-05,8.87156090759,13.949231424,-46.4726432718,10.2932515039
2018-05-06,9.65570183297,13.0823543774,-45.8212792361,10.446345681
2018-05-07,8.06735908673,13.239893759,-45.4131266137,11.7082153648
2018-05-08,8.02734847031,14.5465149796,-45.9778510367,10.7554182268
2018-05-09,8.67847565215,16.7421607156,-46.4765422705,8.55940737573
2018-05-10,8.79788592545,17.2763857901,-46.5517368888,10.265202514
2018-05-11,9.03996565809,16.5206936539,-47.0265977909,10.9643636332
2018-05-12,8.21146923218,16.2389893379,-46.0919704008,9.85970221224
2018-05-13,8.49944902478,18.1943533362,-46.8470398956,8.07211983046
2018-05-14,8.40321306426,16.3469587178,-47.5763001866,7.29537785344
2018-05-15,9.27499445241,16.6750000362,-46.3181459918,5.83363765496
2018-05-16,7.52838272489,16.7614509205,-45.22716305,6.06882297715
2018-05-17,8.13334641204,17.5749880057,-46.287813483,5.40898122562
2018-05-18,8.18675647947,16.2901079496,-47.0675148873,5.23529571898
2018-05-19,7.91713759714,16.2921823873,-47.4716439057,5.10097155357
2018-05-20,8.76086913002,15.5713433495,-49.2767866184,6.06377111307
2018-05-21,9.27192301672,15.1618696798,-47.6313444147,8.03906487619
2018-05-22,9.63007089871,17.0473860481,-48.8042132795,8.35589376531
2018-05-23,11.145347117,18.3052722712,-49.4100736666,8.29316184322
2018-05-24,12.2252720534,17.3857197038,-49.7348556668,8.97762903333
2018-05-25,13.6970635832,17.6708818788,-48.6557685119,9.41681330192
2018-05-26,13.1084799048,17.8050637267,-49.5320209992,8.75052251022
2018-05-27,15.1093153597,15.526271089,-48.4530741049,9.66699348588
2018-05-28,15.296265277,14.6470141761,-49.152805783,8.21215820168
2018-05-29,14.8200131586,13.1969661716,-47.1612589606,7.71539358248
2018-05-30,14.2924260629,11.520841746,-49.6041535481,7.6715953669
2018-05-31,14.8326064207,10.7952371278,-49.7698171081,7.3889713874
2018-06-01,14.6738145036,11.8656969402,-52.5141673678,6.69932767976
2018-06-02,13.3102335125,13.5079816082,-53.7777884257,6.6878434059
2018-06-03,13.6141340074,12.8910213525,-53.6183718895,6.55616449749
2018-06-04,13.9993949317,11.9023409309,-52.576199091,5.7365119253
2018-06-05,12.6262346542,11.0006355949,-51.4609868599,5.66258210171
2018-06-06,13.6864452971,10.4511608729,-51.887818935,5.59025883355
2018-06-07,14.1298644905,11.0878580393,-49.8885041309,5.937301699
2018-06-08,14.5190074348,10.0564728228,-50.3836105291,5.38015080706
2018-06-09,13.5498872523,10.1336983492,-50.5369316355,3.50517129099
2018-06-10,15.2812685251,10.9368404805,-49.773350715,4.33728297082
2018-06-11,16.2407508456,10.2405431334,-49.3821100845,4.40080035765
2018-06-12,15.4925875309,9.50776788573,-51.4996278017,4.68057163943
2018-06-13,16.5703613699,10.027064716,-50.3908152561,3.77108822643
2018-06-14,15.7648971055,10.0269300882,-51.0944622685,2.76028120016
2018-06-15,15.4510850799,9.73616583853,-50.561104971,2.15945056003
2018-06-16,17.323444711,10.3991460175,-52.0391019226,2.96259108103
2018-06-17,17.2730191108,9.83947957718,-50.6534527456,3.48472005888
2018-06-18,17.0803500873,12.2042796172,-51.5415165499,4.91570287955
2018-06-19,15.3085772985,12.9985800834,-50.534479964,4.71838432163
2018-06-20,16.4019445747,14.9096744142,-48.9579448648,5.72084087774
2018-06-21,16.4340763015,15.5962996006,-51.3543447021,5.65970407417
2018-06-22,17.9941772814,14.4937472007,-51.5652409035,4.05143010943
2018-06-23,19.6166871938,14.1982610266,-51.5865464578,4.13439005084
2018-06-24,19.4477006912,14.5497053525,-52.1565948231,3.96559842208
2018-06-25,19.0178505993,14.353321461,-52.5210502181,4.23698635183
2018-06-26,19.0107874777,14.4827633984,-53.8215736946,3.92970787541
2018-06-27,20.1900402645,14.2000960142,-56.5419053842,4.08267570746
2018-06-28,19.5041210016,13.113412601,-58.3731102982,3.41362385909
2018-06-29,19.2214589105,12.9464769459,-57.4040019971,4.91681381993
2018-06-30,18.544034104,13.2671478132,-56.7051452152,5.6957000513
2018-07-01,18.1689999018,14.1252560211,-54.9462907934,5.72529601505
2018-07-02,17.2194668079,13.4477695913,-53.5102909947,5.96412720367
2018-07-03,17.2573073611,13.2082081274,-54.057905112,5.54170986734
2018-07-04,17.7602437182,13.021190138,-54.620433084,4.1451546778
2018-07-05,17.3749665808,12.3191909446,-55.4023466479,4.45084290075
2018-07-06,17.6780785209,10.4466845345,-54.8115251504,6.11387494013
2018-07-07,19.0948696383,10.0763767263,-54.7217865882,6.37443829478
2018-07-08,18.3204108968,8.3136280806,-55.3894794042,4.87075917721
2018-07-09,16.3744638311,8.48060812553,-55.6614693568,2.07319027191
2018-07-10,17.2252316152,9.98694173023,-55.1675249647,1.32899272794
2018-07-11,17.2542803882,8.68065534185,-55.0753144265,2.05179919842
2018-07-12,16.3053284463,8.39135670136,-55.3608740044,1.05667674422
2018-07-13,18.9494591004,7.00051204197,-54.9654682325,1.05413255719
2018-07-14,19.6476989898,7.99103151067,-55.9431873614,1.04556267893
2018-07-15,19.9485027224,7.28265210389,-55.5202326586,1.21634031906
2018-07-16,17.7566550532,7.3699238474,-56.4926794247,2.62927705919
2018-07-17,20.9824089526,7.01518565106,-56.6575285551,5.22143063887
2018-07-18,21.1801858783,5.96105690696,-58.1360013102,4.93041011756
2018-07-19,22.2780405936,5.62346636732,-59.3813913677,5.60877563903
2018-07-20,21.6196122339,5.14499116064,-60.8554657564,4.91524820554
2018-07-21,22.3808335613,6.62628796254,-60.91112171,2.95078800392
2018-07-22,22.107231915,7.1903384629,-61.8230702341,3.00872822009
2018-07-23,22.1694726991,5.99763032492,-63.0544241541,3.23358755074
2018-07-24,21.6488858919,7.14816049731,-62.0088829722,2.49939269905
2018-07-25,22.3154476565,7.12863776015,-61.3174426739,2.84495807266
2018-07-26,20.7652696374,7.24797381779,-61.2344684112,0.819979964202
2018-07-27,20.6293761963,7.93113202006,-61.2411774927,0.407769847668
2018-07-28,19.3482690418,7.97509345314,-59.9305035579,0.735543142175
2018-07-29,18.3103412131,8.1799017952,-61.4456756019,2.49364376683
2018-07-30,18.8443370171,7.71562187233,-62.2032192626,2.85763049028
2018-07-31,19.6277223671,8.10626592767,-61.125937243,4.36132383691
2018-08-01,20.3838833292,7.46908565947,-61.758484094,4.6777315596
2018-08-02,19.093686168,8.4795918209,-60.7535052001,4.63012016829
2018-08-03,19.8377755938,7.8813409073,-60.3615078304,7.01517066936
2018-08-04,19.7569844509,8.12395758759,-59.5309831363,8.04638669167
2018-08-05,19.9608599184,7.55360406002,-58.4622408787,9.72328252852
2018-08-06,20.9954232789,6.63152384566,-59.0539672591,8.88548231579
2018-08-07,22.1667362813,7.05103418018,-59.5832206603,8.75911153328
2018-08-08,23.2847533927,6.77454825578,-60.5415284964,7.86275323823
2018-08-09,22.5282544176,7.3511969507,-61.9182096668,5.56308556096
2018-08-10,24.8828509421,8.20404916988,-61.800014066,4.77810299462
2018-08-11,26.7988620398,8.90686364684,-60.680530521,6.06197310943
2018-08-12,27.19164768,8.38952332789,-59.5606685276,5.48949385672
2018-08-13,28.0366907791,8.58984647586,-58.8294309787,3.99973956732
2018-08-14,26.162570954,8.94648505878,-57.8649251832,3.69326944476
2018-08-15,27.6545286252,8.58383696565,-58.834027374,3.9476860985
2018-08-16,28.100095076,7.2220439249,-59.1697396619,3.25988194564
2018-08-17,28.0426244792,8.3222920523,-61.4015199139,3.53842192129
2018-08-18,27.1291466484,7.5089646658,-62.6904310455,2.54503966559
2018-08-19,30.1355703269,7.22873295657,-62.3707089327,4.42835094052
2018-08-20,28.2202121011,6.95549501327,-61.9288677796,3.63587155702
2018-08-21,27.8850880278,6.33913634842,-61.404480186,2.39205319747
2018-08-22,27.9818809787,6.70489069284,-60.5887845394,2.51466028468
2018-08-23,27.7818832133,6.84436192142,-61.7998814035,-0.160918415462
2018-08-24,28.1827067046,8.42981517851,-60.4903792302,-1.31028495843
2018-08-25,28.6986390943,7.22281882882,-59.9609131869,-0.910060881041
2018-08-26,28.8376023126,8.43888509276,-59.9402744827,0.61267961327
2018-08-27,29.0257319115,7.2372781201,-60.2761024416,0.69275508997
2018-08-28,30.0796279463,6.53039250312,-59.5237638562,0.262349951422
2018-08-29,30.328788297,5.71987286736,-60.5473274528,1.3695073384
2018-08-30,30.2883147106,4.27739727263,-60.2091417955,-0.480165162227
2018-08-31,28.5179649006,3.20096344841,-59.942709124,-0.762567801938
2018-09-01,27.0939347377,5.02947270781,-59.058963248,-0.0546057284226
2018-09-02,28.7680615942,3.05325461779,-58.7696675259,-1.26988365825
2018-09-03,29.5285528847,1.86816204882,-60.0688026208,-0.986654656941
2018-09-04,29.8903326497,3.94283949419,-60.9860096948,-1.43632271163
2018-09-05,31.1959375708,4.00982076176,-60.3916538982,-2.15040240476
2018-09-06,28.834716172,3.2734349096,-58.7496205437,-1.8926499687
2018-09-07,29.0087103487,3.10512018056,-60.0374468624,-1.82751593319
2018-09-08,28.7927055677,2.66739434414,-58.0301737104,-1.32290677703
2018-09-09,30.0334658766,3.2524048068,-58.0629548968,0.240043785848
2018-09-10,28.6183995439,3.33876049814,-58.1760629368,1.07102873149
2018-09-11,28.1226789766,4.03122346587,-58.302665437,3.13576410689
2018-09-12,28.0068038389,3.68476901178,-59.2831852898,1.13782927722
2018-09-13,26.2766190017,4.51976278741,-59.9736170782,1.23219157356
2018-09-14,26.4945380917,4.68528768555,-59.3086327593,0.372977780104
2018-09-15,28.9244622254,4.24282154739,-58.8257715676,-0.30882554218
2018-09-16,28.9653303182,3.97023675216,-58.4196877155,0.980018619103
2018-09-17,29.7305417632,3.35369699694,-57.7374006169,1.34479707972
2018-09-18,30.5127666398,2.28509696483,-58.1944590401,2.24177709039
2018-09-19,31.4255520964,1.38696138078,-57.6698241503,2.16753808012
2018-09-20,30.3092828038,0.697507586891,-57.0118428129,2.26663606184
2018-09-21,31.6375811193,-0.478747338823,-56.6601768336,3.31708491075
2018-09-22,31.2126065028,0.713229769077,-57.2260168894,4.16733718888
2018-09-23,30.5799791556,1.49104130258,-56.8504209279,4.32012838153
2018-09-24,30.993218002,2.03560153149,-57.6554272419,4.15493471331
2018-09-25,32.4439343874,2.2385759613,-56.5792340574,3.93429411157
2018-09-26,32.6293287741,2.86569865337,-55.6414519105,3.37485962989
2018-09-27,30.9742994757,0.352665514407,-53.5345846524,3.2442281928
2018-09-28,32.890653045,1.07081528066,-53.8853442952,2.77202624828
2018-09-29,32.8160608061,1.38452034988,-52.9159416523,3.52199811123
2018-09-30,33.8054217542,0.981091338896,-52.3709847163,3.66298038743
2018-10-01,33.7840795787,2.93892863174,-53.4235491595,1.80420483141
2018-10-02,32.3775265952,5.11563658043,-53.2338554766,1.17518784176
2018-10-03,32.7240717946,5.72882877076,-52.4023515289,2.04224242966
2018-10-04,32.1648908863,4.84986204488,-52.2968093342,1.02505029366
2018-10-05,32.3851594823,5.0795477457,-53.1413516692,1.41874719516
2018-10-06,32.3796342338,4.77697634246,-52.8802957728,0.148927062908
2018-10-07,32.3811846628,4.59877535824,-51.8931273691,-0.369580945267
2018-10-08,32.0402329392,5.86545198276,-51.51098511,0.405719029286
2018-10-09,32.3587480202,5.29392951091,-53.9186000999,2.13714631652
2018-10-10,32.5309033313,6.07353876556,-55.9225028162,2.32295071007
2018-10-11,34.7186713255,5.74725959481,-57.8863404119,0.940031086706
2018-10-12,34.8271750269,5.93731763122,-55.8462488529,1.33835464368
2018-10-13,34.2656670596,4.48248010948,-55.1786725447,1.36326579859
2018-10-14,33.8658509359,5.28477848989,-57.8057812623,0.855084429232
2018-10-15,34.6220735069,5.85468886399,-58.5567982501,-0.363663619721
2018-10-16,33.6637182048,4.67859034915,-57.2896583283,1.55377151309
2018-10-17,32.4929667935,4.61902264067,-57.5443899951,2.51935469227
2018-10-18,33.5932959246,4.44843904566,-58.0883483063,3.59125317579
2018-10-19,32.538191528,4.8011238438,-58.239960587,6.21191841792
2018-10-20,32.9828333044,4.80079122547,-57.341219727,5.74347713619
2018-10-21,32.0807676827,3.9296393656,-57.4252293777,5.23144522344
2018-10-22,30.435416384,3.89417825582,-57.397307759,6.08126770894
2018-10-23,31.0337829844,4.06984253811,-55.6697180805,7.17428943935
2018-10-24,30.7097088748,4.64209856435,-56.0983092537,8.0844867482
2018-10-25,30.7811834344,3.36941013069,-55.3314180567,8.00579452399
2018-10-26,29.4782976242,3.29717459779,-56.1228559239,8.05814715047
2018-10-27,27.8219937174,1.74264345552,-57.2079132927,8.46920938251
2018-10-28,27.9441147146,5.11369418673,-55.2987275234,8.9738780402
2018-10-29,26.9223771063,6.4619485524,-54.8628646562,10.4516443691
2018-10-30,25.2627582946,6.90148198597,-54.4724566703,11.5533293222
2018-10-31,24.2846263476,5.80826213524,-54.3189585579,11.0548142394
2018-11-01,23.2723755372,6.84252259247,-53.8327003706,11.120321786
2018-11-02,24.0653786827,6.42960012526,-54.0879457435,8.13860603742
2018-11-03,22.5622463873,6.13484902671,-55.0418834469,8.67902333941
2018-11-04,24.1382912571,6.88168474613,-53.7839124302,10.0650838783
2018-11-05,22.9380397602,7.1773604748,-55.6993715653,9.97920222364
2018-11-06,23.4680123934,7.58843150507,-55.9075938086,8.96289840508
2018-11-07,24.421391565,7.19122525062,-55.0323814177,8.40968771134
2018-11-08,22.4823885267,8.33075731894,-54.929251644,7.40166352706
2018-11-09,20.9617857234,9.02466985989,-54.8053677258,8.33007403667
2018-11-10,19.7623008067,8.68419594344,-54.6080471995,8.25407817265
2018-11-11,21.601196513,11.6503057985,-55.1192147445,8.24977649286
2018-11-12,19.735887209,11.837046982,-54.3541862907,6.81084775902
2018-11-13,19.8445860393,12.0087836888,-54.9258556149,5.59974513904
2018-11-14,18.1158172045,10.9153180562,-55.4751885801,4.28861841814
2018-11-15,18.2744664018,12.0385843558,-57.0133972889,4.40633898091
2018-11-16,18.8627188899,13.4353477705,-58.2483675409,3.53747465895
2018-11-17,19.2379958805,15.4579110999,-58.3405890731,2.63327346188
2018-11-18,20.2404083649,15.0351222235,-59.2334634484,2.42336143513
2018-11-19,21.0965982289,15.2679645189,-57.885621834,1.82454516441
2018-11-20,22.6623827066,14.2928273335,-57.9411103432,2.38186490065
2018-11-21,23.7793656606,14.208734238,-59.5443183128,4.42352729825
2018-11-22,22.9122043048,13.3563498051,-58.0303485751,3.0491081803
2018-11-23,23.819138722,11.8287495908,-58.9760920924,3.59104977714
2018-11-24,24.6296535246,13.0832970687,-58.6977483491,3.39736659404
2018-11-25,24.907458225,12.8815045938,-58.1982780838,3.57317719304
2018-11-26,22.8220047811,12.5478808855,-57.3129420287,2.55195612144
2018-11-27,23.2547542879,11.8424754207,-56.2894052937,1.31613594998
2018-11-28,24.6743429547,9.9612294939,-55.7361186429,0.482543709464
2018-11-29,26.2347662626,10.0784281984,-55.7348587215,-1.08849897826
2018-11-30,27.0393311812,10.957890318,-55.200266543,0.104260997591
2018-12-01,28.4082595784,11.9144593804,-55.0076240597,-0.193533607676
2018-12-02,26.7440394999,11.8363924,-55.6724567802,1.83338915486
2018-12-03,27.8495641376,12.3823134932,-55.6492497309,3.94712017245
2018-12-04,28.4666204011,13.3381244414,-54.1513054546,4.2680820511
2018-12-05,28.0527930633,13.7703992652,-53.7988623915,3.33716492322
2018-12-06,27.7282289636,15.7087703716,-52.4397660681,2.83144050307
2018-12-07,28.4761456159,15.9836478873,-52.49466062,3.91208846587
2018-12-08,29.0858722095,16.4431900107,-52.1095708114,3.26062834528
2018-12-09,29.0740056552,17.4198979078,-53.5064232912,4.31936947115
2018-12-10,29.8566271357,15.8193299873,-54.222352765,3.78142092965
2018-12-11,30.4137943496,14.787129679,-52.7206564548,4.41364939528
2018-12-12,30.4454674437,14.04669666,-55.5467612168,3.96624026578
2018-12-13,29.7855039244,14.9526502929,-56.9052560791,3.60681629344
2018-12-14,30.7140838708,14.4068178721,-56.6619292625,2.21207346262
2018-12-15,31.2240031581,13.7218745191,-57.1744956347,2.33749872588
2018-12-16,31.6679669511,12.1481430819,-56.8700759436,0.586311354345
2018-12-17,31.3173386162,10.0944054328,-54.3858228749,-0.697490315173
2018-12-18,31.8582671927,10.4710768789,-54.2306770631,0.562823940368
2018-12-19,31.7638975491,10.5167143063,-54.6104553568,1.21490850339
2018-12-20,31.1791516232,10.9289145123,-53.5950641885,2.07130436201
2018-12-21,29.5646500142,9.59938378721,-52.9318108427,3.33182123728
2018-12-22,30.2756352282,8.77519899577,-52.7484828067,2.39560738844
2018-12-23,30.7548110256,8.79908518776,-51.5304470967,0.926410701898
2018-12-24,28.8413526336,7.3836499913,-50.1438766777,1.05712185632
2018-12-25,28.794815329,8.79353844899,-49.1694833176,-0.458360600095
2018-12-26,26.3903126452,7.99588610062,-49.5664708198,1.51687414954
